dz,ok,incs,tip_uy,tip_uz,theta_deg,F_tip_z,F_tip_y,F_mag,err
5,True,24.0,-0.1501467,5.0,4.292708790180057,3.000663,1.139415e-10,3.000663,
10,True,24.0,-0.6021407,10.0,8.59858668301207,6.048123,3.845627e-10,6.048123,
20,True,24.0,-2.434045,20.0,17.304537871532304,12.48777,3.933691e-08,12.48777,
40,True,24.0,-10.18879,40.0,35.53522675453202,28.78582,4.886085e-05,28.78582000004147,
60,True,24.0,-25.11344,60.0,56.04070897296512,59.04139,0.002253693,59.041390043013315,
66,False,,,,,,,,CcxFailed
80,False,,,,,,,,CcxFailed
90,False,,,,,,,,CcxFailed
92,False,,,,,,,,CcxFailed
